Hauptseite;67554
GPS;25023
Weblinks Orts- und Lokalnamen;24978
GPS-Software;23445
Geografische Namen;20507
Online-Karten;19090
GeoConverter;11710
Geotagging von Bildern;10726
Geo-Metadaten;10045
Routenplaner;10022
OGR;9812
Zusammenspiel Orts- und Lokalnamen;9471
Schreibweise Orts- und Lokalnamen;8939
OAI-PMH;8860
Google Earth Hacks;8508
Änderungen Schreibweise Lokalnamen;8001
OpenStreetMap;7756
Geometa-Editor;7723
OSGeodata;7678
PostgreSQL;7521
HowTo OpenStreetMap;7475
Definition Orts- und Lokalnamen;7186
Joomla;7135
Geodaten;6452
PostGIS - Tipps und Tricks;6324
GIS-Datei-Format;6203
Orts- und Ortschaftsnamen;6076
Geometa Directory;5907
Google Maps Hacks;5888
PostGIS;5735
UNIGIS;5579
Agenda;5418
OSGeodata Discovery;5341
WMS;5323
GISpunkt-Seminar PostGIS;5320
Gebäudeadressierung;5170
UMN MapServer;5063
Geografische Namen Test;4991
OSM;4971
Mobile Tagging;4944
Sandbox;4916
OSGeodata metadata exchange model;4884
GISpunkt-Lunch;4479
HowTo OGR2OGR;4394
Zürichsee-Schiffe;4340
GeoIG;4255
HSR;4233
GeoRSS;4203
Koordinatensystem;4144
Geographische Koordinaten;4085
ArcGIS;4057
Rappi Info;4034
GIS-Konverter;4014
Lokalnamen in Chur;3967
Google Earth;3967
UMN MapServer - Tipps und Tricks;3907
Rapperswil-Jona;3860
Standardsprache und Dialekt;3736
Agenda Archiv;3672
Geo-Metadata Network Suite;3670
Standpunkt der Benutzer zur Schreibweise von Orts- und Lokalnamen;3600
Datenkonverter;3598
JavaWPS;3530
Geo-Bookmark;3525
GIS-Projektideen;3504
ArcGIS - Tipps und Tricks;3501
Kollaborative Karten;3490
Georeferenzieren von Bildern;3393
Lokalnamen;3371
GIS-Kurs- und Studienhilfsmittel;3346
GIS-Kurse;3330
UNIGIS-Tag Schweiz;3257
SLD;3251
Geo-Metadaten und GDI;3234
Georeferenzieren;3218
JMapDesk;3113
Postleitzahl;3108
Workshop-Seite RP6 08a;3104
Allgemeine Akzeptanz Schreibweise Orts- und Lokalnamen;3063
WorldFileTool;3054
Workshop-Seite RP6 06;3034
Geometa.info;3028
CAS GIS in der Planung;3006
Shapefile;2995
OSGeodata metadata exchange protocol;2952
DClite4G;2947
GIS im Naturschutz;2930
HowTos;2883
GIS;2867
Übersicht ArcGIS -Standardanalysen bei Landschaftsbewertungen;2864
Open Air am See;2851
Spirgarten-Treffen;2837
KML;2830
IndoorWPS Locator;2809
English;2768
Orts- und Lokalnamen Kanton Nidwalden;2752
Sandkasten;2718
Uetliberg;2706
MediaWiki;2660
World file;2655
Google Maps;2644
GIS-Börse;2630
Ortsnamen;2623
Rapperswil by Night;2618
INTERLIS;2588
Geografische Namen in den Medien;2552
PRJ;2533
Geowebforum;2524
GIS-Applikationen;2517
WFS;2514
GIS an Schweizer Mittelschulen;2504
Sem PostGIS Roger;2395
Webmapping-Clients;2385
HowTo OAI-PMH;2375
GeoServer;2370
Live-Nebelkarte;2343
GISpunkt HSR;2340
Workshop-Seite RP6 07a;2259
Siedlungen TG 1;2233
Bahnhof Rapperswil;2228
Chronologie Schreibweise von Orts- und Lokalnamen;2220
GIS-Anwendungen;2209
Übersicht geografische Namen;2181
Interlis Studio;2177
GML;2158
WebGIS BUN;2139
Index Geografische Namen;2090
Schreibweise von Strassennamen;2072
PostgreSQL - Tipps und Tricks;2067
Quantum GIS;2060
Spielwiese;2054
DXF;2048
Geografische Namen im deutschen Sprachraum;2025
OpenJUMP;2018
Micro Mapping Party Rappi;2014
Geografische Namen - Rechtliche Grundlagen;2007
Roopel;1964
GDAL;1944
Geo-Microformat;1937
Hilfe 1;1929
Schreibweise geografische Namen;1927
OpenLayers;1925
Artendatenbank;1919
Geocoding;1890
PostGIS-Beispiele;1890
EVAB - Artenerfassungstool;1879
Orts- und Ortschaftsnamen Beispiele;1877
Namenbuch und Flurnamenforschung;1870
Fästinsle;1867
Geografische Namen Admin;1865
Geodaten an der HSR;1855
Fischmarktplatz;1846
Wisental;1834
HowTo Blog;1812
Kritik an Revision Schreibregeln Orts- und Lokalnamen;1802
WikiGIS;1792
GPX;1787
WKT;1784
Kath. Kirche Busskirch;1750
Lido Eishalle;1747
Planungskatalog;1743
Mobile;1741
CSV;1736
Impressum;1728
FWTools;1726
PostgreSQL-PostGIS-Höck;1694
Beachvolleyballfeld;1682
Orts- und Lokalnamen Benutzer;1675
Schleitheim;1668
JOSM;1648
XML;1647
Namenproblematik im Kanton TG;1625
GIS/SIT-Workshop Mobile GIS;1603
GeoNetwork;1590
Geodaten-Infrastruktur;1574
UNIGIS-Weblinks;1570
Beispiele von veränderten Lokalnamen im Kanton Zürich;1553
Schloss Rapperswil;1550
Holzbrücke;1550
Entwicklungsgebiete Industrie;1544
INTERLIS-Tag;1541
Geo-Metadata Network Suite (en);1538
Hausnummer;1534
Namenproblematik in Thurgauer Gemeinden;1528
Rappi Info:Über Rappi Info;1527
Historische Schichten in schweizerischen Ortsnamen;1527
CSW;1526
UNIGIS-Tag Schweiz 2007;1524
HSR 3D;1513
Geoinformation und Orts- und Lokalnamen;1496
KML Export Extension;1482
DesktopWMS;1479
Gebäudeadressierung Appenzell Innerrhoden;1477
Manor;1470
Tourismus Erholung;1468
Unterstützung Flurnamenforschung durch Schweizerischen Nationalfonds;1458
Entwicklungsgebiete Wohnen;1452
Rappi-Jona 3D;1447
Naturschutz-Geodaten-Hacks;1443
Schleitheim1;1441
Zweiantho;1441
GeoKettle;1438
Brainstorm Oberland;1437
POI;1429
Nachverdichtung;1425
Mundart in Orts- und Lokalnamen;1422
Geotagging von Webseiten;1410
Tracking;1399
Bethelhausen;1398
ITF;1387
Knies Kinderzoo;1383
Erneuerungsgebiete;1380
Schleitheim3;1380
DBF;1379
Schleitheim2;1377
SYM;1377
Google Hacks;1372
Hauptplatz Rapperswil;1367
WebGIS Erfassung von Neophyten;1355
Schleitheim5;1352
Schleitheim4;1346
Schutzzonen;1344
Kiosk bei der Holzbrücke;1341
Geometa-Tools;1340
FME;1336
Ebenstrukturen nach Adobe-Illustrator nehmen;1332
GeoJSON;1322
IGTools;1321
ArcExplorer;1321
Eingang HSR;1317
Rahmennutzungsplanung;1311
ITF2XML;1292
Webcrawler;1283
Kapuzinerkloster;1277
UNIGIS-Lektion Metadaten;1276
SpatialDataIntegrator;1263
ArcReader;1261
Darstellungsmodell;1261
Rahmennutzungsplan GIS;1254
Entwicklungsgebiete Gewerbe;1252
Siedlungen TG 2;1235
Brainstorm Oberland Team Wohnen;1229
Namenbildungswörter bei Orts- und Lokalnamen;1228
GIS Viewer Kanton Schaffhausen;1223
ILI;1221
Rathaus;1216
Biergarten;1206
Brainstorm Oberland Team Landschaftsschutz;1205
Geografischer Name;1203
Gasthof Frohberg;1202
GIS-Landschaft Schweiz;1201
Dieci Pizza Kurier;1188
Migros Bahnhof;1183
Export to KML;1182
RABEST;1177
Dieci Ristorante;1177
Symbolkatalog;1169
Siedlungen TG 1 Fortsetzung;1167
3D;1167
MIF;1163
INTERLIS-FAQ;1162
Mensa;1158
GvSIG;1150
Gasthaus Krone;1147
Brainstorm Oberland Team Biotopverbund;1146
La Scala;1146
VRT;1146
RP6 08a Team:Landwirtschaft;1145
Seebadi Rapperswil;1144
Farbe;1143
Sem PostGIS Stefan;1141
Stummes -n in geografischen Namen;1137
Dokumentation Bewertungsmodelle zur Vision ZH-Oberland;1136
Sportcenter Grünfeld;1135
IliX;1135
Schloss Cinema;1134
Boomerang Bar;1128
Strandbad Stampf;1128
Mc Donald's;1126
Geografische Namen im geowebforum;1125
Mobile Guide Rapperswil;1122
Weblinks Orts- und Lokalnamen - Worum geht es?;1120
Brainstorm Oberland Team Öffentlicher Verkehr;1116
Snackautomaten 2;1116
Kantone;1112
Web Map Server;1110
Kiosk am Bahnhof;1108
Schreibweise von Ortschaftsnamen;1102
Landschaftsinfo-Projektidee;1102
Sachbereichsideen;1102
Badeplatz HSR;1100
WikiPointMap;1100
Sonnenhof;1095
Maronistand am Bahnhof;1091
KMZ;1080
Skulptur HSR;1079
GITTA;1078
AXL;1077
Hotel Jakob;1076
OVI;1075
GISpunkt-Seminar CH-Standards;1074
ArcMap - Punktsymbole, die sich nicht Exportieren oder Drucken lassen;1067
Orts- und Lokalnamen im Bund 1965;1065
Ebininka - Wädenswil;1065
Restaurant Kreuzli;1064
Natuerlich Wohnen;1064
Python Scripting mit ArcGIS;1064
OGC;1063
Stadtpfarrkirche;1063
Die Post;1062
WPS;1061
REST;1058
Sem PostGIS Selbststudium 2007;1053
Schwanen Bar;1050
Kiosk;1045
Treppe zum Schloss Rapperswil;1040
Publikationen Gebäudeadressierung;1039
SN Norm 612040 Gebäudeadressen;1039
Bistro Bar Bananno;1038
Lärmbelastung;1034
Restaurant Lido;1033
Spezifikation Bewertungsgrid;1031
Datenmodell;1026
RP6 08b Team:Landwirtschaft 2;1023
Wohnen am See;1022
LYR;1022
Rosenberg;1020
Quellenhof;1019
Cinema Leuzinger;1019
Verordnung über geografische Namen;1017
AlbuVille;1016
Brainstorm Oberland Team Optimale Bebauungsgebiete;1015
Brainstorm Oberland Team ÖV Metropolis;1013
Planungsszenarien;1011
Dieci Gelati;1010
Review-Seiten Prototyp WebGIS BUN;1009
GISpunkt-Seminar PostgreSQL für Fortgeschrittene;1006
Brainstorm Oberland Team Biodiversität;1006
Hotel Schwanen;1005
Campingplatz Lido;1002
La Finca;1001
Pick n Pay;997
Brainstorm Oberland Team Freizeit und Erholung;997
Bewertung der Biodiversität;993
Le Jardin;992
Seekiosk;990
Raster-Reklassierung über den ModelBuilder;990
Versorgung und Freizeitangebot;989
Camisa;989
Wetter;988
Schluss mit Poststellenchaos;983
MAP;980
GIS/SIT 2008;980
Brainstorm Oberland Team Siedlungsentwicklung und Naherholung;979
Zum Pfauen, Stadtbibliothek;965
RP6 08b Team:Wohnattraktivität;965
Kebab am Bahnhof;964
Restaurant Bahnhofbueffet;963
Jugendherberge SJH-AJS;962
Cafe Confiserie Wick;951
La Fuente;949
China-Restaurant Hocksieng;949
Gebäude;946
Sem PostGIS Juliana;945
Rappi Kebab Bistro Bar;940
Kaffetakeaway am Bahnhof;938
Cafeteria Hintergass;935
Steinbock - Schwert;934
Wädi Total;934
Blackout;932
RP6 08b Team: Erschliessungsqualität ÖV;932
Weinhalde;930
Bewertung der Standorte für neue publikumsintensive Nutzungen;929
Restaurant Boulevard;923
Jakobsweg;922
Snackautomaten 1;920
Maxi;917
Daten maskieren - Negativdarstellungen;916
Stellungnahmen Schreibweise Orts- und Lokalnamen;913
Db4o;912
Restaurant Rosengarten;910
Azheimerhof - Oozemerof;907
Planungskatalog Vision ZH-Oberland;907
Restaurant Löwen;906
Gasthof Sternen;903
IndoorWPS;902
Treffpunkt Lido Markt;898
Tourist Information;893
Fussballplätze;893
Liquidations-Markt-Halle;891
Hilfe und Userforum zu WebGIS BUN;888
Allgemeine Akzeptanz Schreibweise Orts- und Lokalnamen 2;886
Pizza Kurrier;883
GISSIT-Workshop;878
Café Conditorei Rosenstädter;877
Wenn sich FeatureClasses nicht editieren lassen;876
Google Maps Hacks/POIs.kml.xsl;864
Beispiele von veränderten Lokalnamen im Kanton Nidwalden;864
Geografische Namen Nachführung;864
Bistro hot wok Sternen;863
Rondchâtel;859
UML;856
Wädi am See;853
Aus Bolligen wird Bollingen;852
Änderungen von Orts- und Lokalnamen in einzelnen NW Gemeinden;836
Ettenberg;819
Sunft;817
RP6 08a Team:Landpreis;817
ÖV-Erschliessung;812
Anforderungen an geografische Namen;811
RP6 08a Team:Naherholung;807
Brainstorm Oberland Team Siedlungsentwicklung Wohnen;806
Community-Karte;806
EVAP Tipps zu Auswertungsmöglichkeiten;803
Restaurant Müller's;801
Das Datenmodell zu WebGIS BUN;800
St Gallen;798
Ortschaftsnamen mit -n;791
Geschichte Schreibweise Orts- und Lokalnamen;790
Bewertung der Standorte für neue Publikumsintensive Nutzungen;787
Potenzial Wohnen;786
SystematikGeografischeNamen1;786
RP6 08a Team:Die Winzer;782
EVAB Optimierungbedarf, BugListe;781
Zusammenspiel Lokal-, Strassen- und Stationsnamen;778
Böni;778
Gemeindenamen mit -n;763
RABEST-Installation;762
Dispersion Index;757
Jakobsweg - Holzsteg;756
Jona;754
Zeichenreihenfolge von aufeinanderliegenden Polygongrenzen bestimmen;754
Programm Innovationstagung: IT im Natur- und Landschaftsschutz;753
Aeugsterberg;753
RP6 08a Spezifikation Bewertungsmodellresultate;748
Wiki;733
Auszüge der GeoNV für die Gebäudeadressierung;732
Amtliche Schreibweise von Eigennamen;732
Brainstorm Oberland: wo brännts?;730
Bärg in Orts- und Lokalnamen;725
RP6 08b Team:Nachwachsende Rohstoffe;725
Bewertung der Siedlungsentwicklung im Konflikt mit Landschaft- und Naturschutz;719
SystematikGeografischeNamen2;711
Brainstorm Oberland - wo brännts?;709
Brainstorm Oberland: Wo 'brännts?';705
Open Functions;705
RP6 08a Spezifikation Entwurfsresultate;701
Geschichte der Gebäudeadressierung;693
Bewertung der Freizeit und Erholung;680
Tiling;674
BFS Wanderungen;674
Open Geo-Stack;671
Separation;671
RP6 08b Team: Naturschutz;670
Regeln für die geografischen Namen der Landesvermessung und der amtlichen Vermessung;662
Aargau;654
Sem PostGIS Juliane;650
Test Darstellungsmodell SIA 424;649
Normalisierung geografischer Mundartnamen;649
Nelson Pub;644
Virtueller Rundgang;634
Restaurant Rössli;628
Häufige Fragen zu WebGIS BUN;626
Siedlungen TG Gemeinden;616
Bewertung der Feuchtbiotopverbunde;611
Sem PostGIS Selbststudium;607
AddPageFromMap Extension;604
Oerlikon;600
Was ist WebGIS BUN;587
Gemeinde;581
SNF1;570
Einheitliche Schreibweise für Winterthurer Strassennamen;565
Potenzial Siedlungsentwicklung;563
Tessin;561
UDig;561
Doppelte Schreibweisen;558
Genf;556
Raumbezogene Suche;556
Letten - Lätten;555
Ortschaftsnamen ohne Bindestriche;544
Ortschaftsnamen mit Bindestrichen;543
Flumserberg;542
Siedlungen TG Gemeinden 2;527
Tourismus;522
MIV Erschliessung (Nähe zu Kantonsstrasse);512
Offene Punkte zu WebGIS BUN;510
Datenmodellierung KTZH;508
Ausrichtung;498
Technische Informationen zu WebGIS BUN;497
Basel Landschaft;490
WCS;480
Siedlungen TG Gemeinden 1;474
Neigung;474
ÖV Erschliessung (Nähe Bus- und Bahnhaltestellen);473
Solothurn;473
Schwyz;467
Erschliessung mit ÖV;463
Basel Stadt;458
Luzern;455
Siedlungslücken (Nachbarschaftsstatistik Wohngebäude);455
Sihlsee;454
This - Wädenswil;442
Architektur des Holzsteges;441
Sem PostGIS Ueb 1;439
Workshop-Seite RP6 09;436
Sem PostGIS Ueb 3;431
Kategorisierung;430
MediaWikiAuthTool;424
Unüberbaute Flächen;424
Sem PostGIS Ueb 2;418
OSM-Technisches;417
Sem PostGIS Ueb 4;416
Siedlungen TG Gemeinden 3;405
Python;401
GeoTIFF;399
Web-GIS;399
Campus3D;388
Engelberg;385
RP6 08b Team: Tobias, Mark;380
RP6 08b Team: Tobias, Mark, 2;377
WMST;377
Siedlungen TG;377
Freie Geodaten;364
Restaurant Marco's Flamenco & Pasta Bar;363
Sem PostGIS Selbststudium 2009-1;342
ESRI-Themen 2009;337
Review-Seiten Prototyp WebGIS BUN Archiv;334
RP6 08b Team: Tobias, Mark, 1;323
Gemeindefusionen;318
QGIS-Workshop;308
MapDesk;302
Institut für Software;285
Erschliessung ÖV;276
Musterseite;275
Spirgarten-Treffen-Archiv;274
Brainstorm Oberland Team 3;273
RainAlarm;256
FAQ zu Anwendung von FNS WebGIS Verträge;242
OpenStreetMap-Workshop;241
Engelberg, Talmuseum;233
WebGIS BUN Neuerungen 09;231
IGeoDesktop;227
Kyburg;227
Naturschutz Kanton Zürich;219
Ortschafts- und Siedlungsverzeichnis Kanton Thurgau;219
Glossar;213
RP6 09 Ideensammlung durch Alle Teilnehmenden;203
SIA;201
Grafikformat;196
Änderungen Schreibweise Orts- und Lokalnamen Kt. TG;194
Potlatch;190
Bewertung der Biotopverbunde;188
PPGIS-Demoanwendung GISpunkt HSR;186
Internet Media Types;174
Neue Seite lll;170
ArcSDE unter Linux, Services neu starten;169
Lettenberg;168
Entwicklungsgebiete;167
Bergquartier;167
LP3 Meine neue Gruppe;163
Multimedia für Sprache und Karte;161
Geo-Metadaten Netzwerk Demo;153
Gruppe Fabiana & Andi;148
Test;147
JUSO;145
Geo-Metadata Network Suite Demo;145
Vorlagen;144
PPGIS;144
Detail;143
ArcExporer;140
Geo-Metadata Network Suite (de);139
Curaglia;126
Brainstorming;126
RP6 09: Potenziale für Innovations-Arbeitsplatzschwerpunkte;121
Beispielseite Mobile Tagging;114
Geohash;113
Dialektsprechweise von Orts- und Lokalnamen;112
LP3 Meine Gruppe;112
AGIT;110
CASGIS2009;105
MediaWiki GISpunkt Map Extension;104
Dokumentation Styles SIA 424;103
ILIDomain2CSV;100
Sackriet;100
JTS;100
1Brainstorming;94
Aeugst am Albis;83
Google Maps/POIs.kml.xsl;83
Geografische Namen Test2;81
Geocaching;77
RP6 09: Nutzwert von Erholungsgebieten;76
RP6 09: Beispielthemenseite, Lieni, Name2;75
Oberland Autobahn;74
UTagReader;73
Orts- und Lokalanmen Benutzer;72
Naturgefahren;69
Hsr see geb6.jpg;69
Geo-Suchmaschine;68
Landschaftsinfo – Der Pfad!;68
Siedlungsentwicklung (und Naherholung);68
RP6 09: ÖV-Qualität;63
RP6 09: Ökologische Werte;63
RP6 09: Wachstumsstandorte für Wohnbevölkerung;61
GeometaBot;56
RP6 09: Standorte für publikumsintensive Anlagen;55
RP6 09: Arbeitsentwicklungsgebiete;54
RP6 09: Erneuerungsbedarf Quartiere;54
RP6 09: Attraktivste Wohnlagen;54
Allgemeine HSR-Informationen;53
RP6 09: Attrakivitätsgebiete für Biker;49
Twitter;46
RP6 08b Team:Naturschutz;44
HowTo OpenStreetMap Rappi;42
RP6 08b Team: Ramona, Andrea;41
RP6 09: Naturnahe Erholungspotenziale;41
Geonames;41
RP6 09 Bewertungspräsentation und Abgaben;41
RP6 09 Spezifikation für Bewertungsgrid;40
Positionsbestimmung;39
Geografische Namen Presse;31
WaterMarker;31
Kanton Nidwalden schiebt die Reform der Flurnamen auf;30
RPlgProj09;26
Tile Map Service;23
Kartogramm;23
RP6 08b Team : Ramona, Andrea;23
WebGIS HSR;22
RP6 09: Potenziale für grosse Erholungsanlagen;21
Neue oder in Überarbeitung befindliche Schutzverordnungen;20
Firefox;16
Natursport;13
Revidierte Weisungen im Umfeld der neuen Geoionformationsgesetzgebung;12
MobileTaggingDemoRaum1256;12
ESRI;6
MS SQL Server;1
EVAP Fragen & Diskussion;0
